{
  "train_loss": [
    4.975802793502807,
    3.998158254623413,
    3.6877116060256956,
    3.4543995666503906,
    3.276181845664978
  ],
  "val_loss": [
    4.13000147159283,
    3.6907603557293234,
    3.4415242121769833,
    3.234932220899142,
    3.1000181436538696
  ],
  "train_accuracy": [
    0.49625,
    0.5254166666666666,
    0.5254166666666666,
    0.5254166666666666,
    0.54625
  ],
  "val_accuracy": [
    0.5416666666666666,
    0.5416666666666666,
    0.5416666666666666,
    0.5416666666666666,
    0.5733333333333333
  ]
}